pair,code_distance,wav_distance
acid—v3(line25 0.125-0.25) vs acid—v1（line 10 0.5-1),0.06148568168282509,1.2432814836502075
acid—v3(line25 0.125-0.25) vs acid—original,0.0,0.9762648940086365
acid—v3(line25 0.125-0.25) vs acid—v2(line15 0.5-1),0.05190420523285866,0.9488374590873718
acid—v1（line 10 0.5-1) vs acid—original,0.06148568168282509,0.6422961354255676
acid—v1（line 10 0.5-1) vs acid—v2(line15 0.5-1),0.02999728173017502,0.8898543119430542
acid—original vs acid—v2(line15 0.5-1),0.05190420523285866,0.48126617074012756
